date,id_str,user_name,text,time,latitude,longitude
2018-05-28,36176997.0,FourSeasonsJobs,interested job lanaicity hi could great fit srqtuiquet customerser,23:44:14,20.8693387,-156.9061034
2018-05-28,36176997.0,FourSeasonsJobs,hiring read latest job opening cook rnjzkgcasa hospitality,23:44:13,20.6802785,-156.4420269
2018-05-28,36176997.0,FourSeasonsJobs,hiring read latest job opening nobu sushi chef yqcfaiz culinary hospitality l,23:19:38,20.8693387,-156.9061034
2018-05-28,19560314.0,rockyrooo,yum yum yum yum yum drinking malolo special pale bigislandbrew big island brewhaus,22:58:43,20.0247,-155.662
2018-05-28,19560314.0,rockyrooo,never lined red ipa drinking red giant ale bigislandbrew big island brewhaus,22:48:18,20.0247,-155.662
2018-05-28,302206097.0,LithiaJobs,job might great fit lube technician foyuuwnqnf automotive kahului,19:42:34,20.8901116,-156.4614301
2018-05-28,36176997.0,FourSeasonsJobs,want work wailea hi view latest opening ntlibxjrj customerservice job,02:54:20,20.6802785,-156.4420269
2018-05-28,36176997.0,FourSeasonsJobs,recommend anyone job wailea hi jurxldj customerser,01:14:56,20.6802785,-156.4420269
2018-05-27,56950776.0,selphie6999,outback steakhouse kihei h,23:52:11,20.75190565,-156.44805597
2018-05-27,36176997.0,FourSeasonsJobs,see latest lanaicity hi job click apply bartender clfmwvr customerser,23:44:07,20.8693387,-156.9061034
2018-05-27,56950776.0,selphie6999,ross dress less kihei h,23:29:24,20.75145455,-156.44798296
2018-05-27,56950776.0,selphie6999,safeway kihei h,23:29:06,20.75282587,-156.44852714
2018-05-27,56950776.0,selphie6999,pi ilani shopping center kihei h,23:28:45,20.75224295,-156.44866541
2018-05-27,36176997.0,FourSeasonsJobs,looking work wailea hi check job gamnnpey hospita,23:14:53,20.6802785,-156.4420269
2018-05-27,19560314.0,rockyrooo,drinking lemongrass luau konabrewingco konabrewingco,22:59:59,19.6429,-155.998
2018-05-27,19560314.0,rockyrooo,place awesome food oh lord foood drinking hanalei island ipa konabrewingco,22:44:41,19.6429,-155.998
2018-05-27,280333104.0,espejomx,ya que chile deja de ofenderme le dejo de predecir temblores solo luego digan por quÃ© predijiste e,15:52:58,19.687487,-155.073662
2018-05-27,280333104.0,espejomx,en un rato temblor en nuevaguinea hoy,15:45:42,19.687487,-155.073662
2018-05-27,280333104.0,espejomx,en un rato temblor en molucca banda sea hoy,15:44:31,19.687487,-155.073662
2018-05-27,280333104.0,espejomx,en un rato temblor en hokkaido taiwan hoy,15:43:51,19.687487,-155.073662
2018-05-27,280333104.0,espejomx,soon earthquake iran iraq today th may,15:22:35,19.687487,-155.073662
2018-05-27,280333104.0,espejomx,aunque de hecho pasaron los tres solo que chile fue terremoto alegro,13:17:12,19.687487,-155.073662
2018-05-27,280333104.0,espejomx,ayer predije temblores pasaron dos funci,13:14:27,19.687487,-155.073662
2018-05-27,280333104.0,espejomx,temblor de nueva zelanda kermadec que predije tambiÃ©n,13:13:31,19.687487,-155.073662
2018-05-27,36176997.0,FourSeasonsJobs,hiring read latest job opening cook bccrhwltk culinary hospitality,01:54:51,20.6802785,-156.4420269
2018-05-27,36176997.0,FourSeasonsJobs,join four seasons resort maui wailea team see latest job opening krgkhipjg,01:23:29,20.6802785,-156.4420269
2018-05-27,36176997.0,FourSeasonsJobs,want work lanaicity hi view latest opening ppmwzpws hospitality job,01:20:08,20.8693387,-156.9061034
2018-05-27,280333104.0,espejomx,la nueva hora de terremoto probable para chile es de hoy,01:16:05,19.687487,-155.073662
2018-05-27,36176997.0,FourSeasonsJobs,recommend anyone job wailea hi wullyzxup culinary hospita,01:14:46,20.6802785,-156.4420269
2018-05-27,280333104.0,espejomx,temblor de las marianitas que predije hace un rat,01:00:45,19.687487,-155.073662
2018-05-26,36176997.0,FourSeasonsJobs,want work wailea hi view latest opening lzdblozoi hospitality job,23:43:59,20.6802785,-156.4420269
2018-05-26,280333104.0,espejomx,time earthquake mariana,15:39:36,19.687487,-155.073662
2018-05-26,280333104.0,espejomx,think time earthquake,15:38:36,19.687487,-155.073662
2018-05-26,280333104.0,espejomx,tititis creo que es mÃ¡s importa,03:28:36,19.687487,-155.073662
2018-05-26,36176997.0,FourSeasonsJobs,looking work wailea hi check job icnkwaljx hospita,02:50:52,20.6802785,-156.4420269
2018-05-26,36176997.0,FourSeasonsJobs,want work lanaicity hi view latest opening rrcbrrz hospitality job,01:54:46,20.8693387,-156.9061034
2018-05-26,36176997.0,FourSeasonsJobs,hiring read latest job opening laundry attendant oalnvud hospitality,01:14:40,20.6802785,-156.4420269
2018-05-25,36176997.0,FourSeasonsJobs,recommend anyone job lanaicity hi mgjdudj hospita,23:43:53,20.8693387,-156.9061034
2018-05-25,36176997.0,FourSeasonsJobs,interested job wailea hi could great fit qmjwcbmk hospita,23:19:17,20.6802785,-156.4420269
2018-05-25,36176997.0,FourSeasonsJobs,join four seasons resort maui wailea team see latest job opening pdnjwbfup,23:14:37,20.6802785,-156.4420269
2018-05-25,56950776.0,selphie6999,hertz maui h,05:27:18,20.895151,-156.43676299999996
2018-05-25,36176997.0,FourSeasonsJobs,join four seasons resort maui wailea team see latest job opening siwncgpc hospitality wailea,02:27:50,20.6802785,-156.4420269
2018-05-25,216485533.0,CDRP_FSU,cdrp spent week hawaii working volcano crasar crasar lots good lessons learned proud r,01:55:48,19.47620833,-154.89601167
2018-05-25,36176997.0,FourSeasonsJobs,see latest lanaicity hi job click apply fitness instructor acnqruohiu hospita,01:19:54,20.8693387,-156.9061034
2018-05-24,36176997.0,FourSeasonsJobs,interested job wailea hi could great fit tbimhrcbw hospita,23:43:45,20.6802785,-156.4420269
2018-05-24,36176997.0,FourSeasonsJobs,looking work wailea hi check job ayhfogylrc culinary hospita,23:14:33,20.6802785,-156.4420269
2018-05-24,19560314.0,rockyrooo,drinking fire rock konabrewingco laverne sports bar,21:51:19,19.634,-155.99
2018-05-24,56950776.0,selphie6999,eleven kahului h,10:55:57,20.8896042,-156.46213668
2018-05-24,19560314.0,rockyrooo,omggg drinking kua bay ipa konabrewingco rays bay,08:17:18,19.5592,-155.966
2018-05-24,19560314.0,rockyrooo,much yummm drinking hanalei island ipa konabrewingco rays bay,08:02:36,19.5592,-155.966
2018-05-24,1058710904.0,E2EJobs,recommend anyone job hilo hi khkskzqyo customerser,05:07:26,19.7070942,-155.0884869
2018-05-24,36176997.0,FourSeasonsJobs,interested job lanaicity hi could great fit hzmbtou cust,02:55:51,20.8693387,-156.9061034
2018-05-24,36176997.0,FourSeasonsJobs,see latest wailea hi job click apply massage therapist clbdcsng mas,02:33:30,20.6802785,-156.4420269
2018-05-24,242797446.0,erivaldoff,tchau hawaii hawaii,01:56:54,20.88172105,-156.43705165
2018-05-24,36176997.0,FourSeasonsJobs,looking work lanaicity hi check job oqwcjg customerser,01:19:40,20.8693387,-156.9061034
2018-05-23,36176997.0,FourSeasonsJobs,join four seasons resorts lana team see latest job opening jtsfnjgej customerservice lanaicity,23:43:33,20.8693387,-156.9061034
2018-05-23,36176997.0,FourSeasonsJobs,hiring read latest job opening security officer mdmspua security,23:14:23,20.6802785,-156.4420269
2018-05-23,242797446.0,erivaldoff,nÄpua kohala coast h,21:46:19,19.94183659,-155.87218523
2018-05-23,33142966.0,FOX40,man defending hawaii home volcano hit flaming lava bom,14:34:58,19.497503,-154.95081000000005
2018-05-23,242797446.0,erivaldoff,lava lava beach club kamuela h,02:34:30,19.91335475,-155.88807723
2018-05-23,15595248.0,rolodj,koa gt sfo seat c kailua kona h,01:34:54,19.73517,-156.04173
2018-05-23,242797446.0,erivaldoff,bamboo restaurant gallery hawi h,00:20:15,20.23801758,-155.83115604
2018-05-22,36176997.0,FourSeasonsJobs,looking work lanaicity hi check job cbpplyzcd customerser,23:50:33,20.8693387,-156.9061034
2018-05-22,36176997.0,FourSeasonsJobs,looking work wailea hi check job tqkulsj hospita,23:50:32,20.6802785,-156.4420269
2018-05-22,15595248.0,rolodj,kona international airport kailua kona h,22:43:43,19.73549893,-156.04078617
2018-05-22,15595248.0,rolodj,tsa checkpoint kailua kona h,22:43:31,19.73532443,-156.04137596
2018-05-22,56950776.0,selphie6999,queen ka ahumanu center queenkcenter kahului h,20:34:50,20.88767361,-156.47532329
2018-05-22,15595248.0,rolodj,krua thai cuisine kailua h,06:00:35,19.64065589,-155.99221269999995
2018-05-22,56950776.0,selphie6999,longs drugs pukalani h,05:14:04,20.82253983,-156.33005419999995
2018-05-22,56950776.0,selphie6999,target kahului maui county hi h,02:28:14,20.8745766,-156.45497667
2018-05-22,15595248.0,rolodj,regal cinemas makalapua regalmovies avengers infinity war kailua kona h,02:02:58,19.651898000000006,-155.99843
2018-05-22,56950776.0,selphie6999,ohana fuels kahului h,02:00:38,20.8837088,-156.45409393
2018-05-22,15595248.0,rolodj,quinn almost sea kailua kona h,01:03:34,19.64106159,-155.99667379
2018-05-21,36176997.0,FourSeasonsJobs,want work lanaicity hi view latest opening drmpazswi hospitality job,23:50:24,20.8693387,-156.9061034
2018-05-21,36176997.0,FourSeasonsJobs,want work wailea hi view latest opening jkupnvoa hospitality job,23:50:21,20.6802785,-156.4420269
2018-05-21,2861508283.0,Palms311,hawaiinewsnow going kahului airport massive cloud black smoke appeared,20:56:50,20.89,-156.45
2018-05-21,15595248.0,rolodj,mi waterfront bistro kailua kona h,05:46:58,19.636325,-155.991918
2018-05-21,242797446.0,erivaldoff,shiono mauna lani hawaii county h,04:01:45,19.93869461,-155.86730218
2018-05-20,36176997.0,FourSeasonsJobs,interested job lanaicity hi could great fit olkvdcc hospita,23:50:14,20.8693387,-156.9061034
2018-05-20,36176997.0,FourSeasonsJobs,see latest wailea hi job click apply server assistant busperson zrdjyuld customerser,23:50:13,20.6802785,-156.4420269
2018-05-20,773602800.0,OptimisticVibe1,volcano evacuation really like robert john cook,23:16:58,20.9000607,-156.3629864
2018-05-20,302206097.0,LithiaJobs,see latest kahului hi job click apply service technician pzbscntam automo,23:03:40,20.8901116,-156.4614301
2018-05-20,15595248.0,rolodj,island lava java bistro amp grill lavajavahawaii kailua kona h,22:09:15,19.63532716,-155.99023643
2018-05-20,242797446.0,erivaldoff,favorite breakfast place kona hawaiian style cafe waimea style hawaii waimea hi,19:08:21,20.02245278,-155.67482757
2018-05-20,1058710904.0,E2EJobs,see latest hi job click apply customer service associate oblsagtgu customerser,14:15:10,19.6399924,-155.9969052
2018-05-09,79450692.0,LaSardineCan,posted photo hawaii volcanoes national par,14:16:38,19.42918452,-155.25757285
2018-05-09,43163920.0,GevaNeva,island hawai volcano updateofficial statement current,14:00:11,19.49378056,-155.00968889
2018-05-09,340583912.0,PineappleClan,aloha hui hou rest paradise papa carl deepest regrets,10:42:58,19.5904,-154.976
2018-05-09,17478560.0,LukeEclipse,inspired leave comment,08:56:19,19.72155086,-155.09616342
2018-05-09,1483621586.0,HappyMonkey604,posted photo old lahaina lua,08:44:38,20.88581,-156.68535
2018-05-09,1483621586.0,HappyMonkey604,bunch cuties old lahaina lua,08:43:50,20.88581,-156.68535
2018-05-09,25859302.0,sdbrady,glad get travel world best mate ğŸ˜ ğŸ˜ ğŸ‘ ğŸ– hilton,08:35:29,19.9240327,-155.88749886
2018-05-09,25859302.0,sdbrady,must big eva ğŸ‘ ğŸ˜ ğŸ– waikoloa beach big island,08:33:23,19.9163848,-155.88579531
2018-05-09,241074964.0,simonrrbrown,way kalaupapa ft cliff path,07:33:54,21.15575015,-156.95647030000003
2018-05-09,227366903.0,mike_herron,getting ready head back mainland going miss family,06:52:14,19.73888889,-156.04555556
2018-05-09,322284644.0,taydavies_,first national park â€¢ â€¢ â€¢ many go â›° haleakalÄ national,06:51:46,20.76951362,-156.24264947
2018-05-09,1704004980.0,GeneLamkin,hilo murals hilo hawai,06:37:41,19.7055,-155.086
2018-05-09,122307661.0,IlhamAbbas,visited kilauea volcano air showing active,06:17:20,19.56483906,-155.96510866
2018-05-09,21226961.0,Mr2theP,talking problems talk solutions listenlinda islandfever,06:13:09,20.897778,-156.222222
2018-05-09,20118175.0,Nicknack784,luau books tomorrow road,06:07:31,20.68434638,-156.441257
2018-05-09,1483621586.0,HappyMonkey604,cutest dinner date ğŸ˜ old lahaina lua,05:12:14,20.88581,-156.68535
2018-05-09,56950776.0,selphie6999,pu u koa place haiku h,04:56:39,20.92435159,-156.31407251
2018-05-09,15318615.0,jhaubein,yes â€™ black sand experience today road hana,04:38:47,20.78619,-156.00643
2018-05-09,1704004980.0,GeneLamkin,red road tree tunnel hawaii bigisland kalapana hawai,04:23:28,19.3542,-154.97899999999996
2018-05-09,35857129.0,johnendriss,got briefly serve red cross eruption shelter today,04:20:35,19.501,-154.953
2018-05-09,20118175.0,Nicknack784,get luau maui,03:39:23,20.68434638,-156.441257
2018-05-09,116923047.0,YNVUCLOTHING,dope shirts still available ynvuclothing design comes,03:17:28,20.8907108,-156.4644165
2018-05-09,21226961.0,Mr2theP,madreal itsirez palosanto ğŸ…¿ ï¸ hana highwa,02:24:19,20.897778,-156.222222
2018-05-09,76147467.0,sunflwer1975,offering tutupele information center set across,01:42:43,19.501,-154.953
2018-05-08,2557950577.0,henrymortega1,sunny days vacationmode ğŸ˜ kukio ba,23:58:14,19.818197,-156.000475
2018-05-08,352942068.0,athinamaeyor,respect land leave footprints ğŸ‘£ ğŸŒº maui waterfall,23:53:15,20.91191351,-156.2431144
2018-05-08,36176997.0,FourSeasonsJobs,see latest wailea hi job click apply room service manager choyplfzn customerser,23:48:51,20.6802785,-156.4420269
2018-05-08,227366903.0,mike_herron,picture grandma â€œ small â€ avocados family â€™,23:36:44,19.4134538,-155.8820586
2018-05-08,2379070652.0,tiedyehobo,uzygxssspiderweb shadow tiedye tiedyehobo hippie hawaii,23:28:55,19.52575,-155.92358000000004
2018-05-08,374953981.0,SKIMHAWAII,nothing like scoring solid ones friends heavy,23:14:49,20.8868816,-156.4774079
2018-05-08,36176997.0,FourSeasonsJobs,see latest lanaicity hi job click apply casual outdoor activities guide gtpkyzvzo cust,23:12:41,20.8693387,-156.9061034
2018-05-08,21823971.0,nellielaan,still far away us hope stops soon pahoa lava,23:03:02,19.501,-154.953
2018-05-08,28669569.0,JanaMcMahon,pan browned japanese eggplant ğŸ‹ maldonsalt keep,22:01:35,20.7049,-156.44638999999995
2018-05-08,56950776.0,selphie6999,zippys kahului kahului h,21:24:49,20.874404,-156.458403
2018-05-08,116923047.0,YNVUCLOTHING,maui favorite urban store ynvuclothing mauimall ynvu,20:52:53,20.8907108,-156.4644165
2018-05-08,66811005.0,HiloPalace,tonight pm last chance catch laugh loud,20:44:52,19.72453,-155.08649
2018-05-08,9.491287354998088e+17,aikudeesh,praying woody ğŸ˜“ ğŸ™ ğŸ¼ ğŸ™ ğŸ¼ ğŸ™ ğŸ¼ leilani hawaii kilauea,20:33:25,19.4735,-154.92
2018-05-08,14466397.0,MauiBenjamin,rainbows ft early neasterly wind mph knots w gusts,19:59:21,20.9348,-156.679
2018-05-08,14466397.0,MauiBenjamin,ho â€™ okipa ft bumpy wet amp stormy tuesday morning north shore,19:57:02,20.9332,-156.358
2018-05-08,14466397.0,MauiBenjamin,intelligent human ğŸ¤™ ğŸ½ kaanapali hawai,19:07:09,20.9348,-156.679
2018-05-08,285555348.0,RobertJohnCook,â€˜ afraid need confidence,18:11:38,19.5268,-155.92338
2018-05-08,9.673541531975598e+17,_krishnajindal,ğŸ˜± ğŸŒ‹ one biggest active volcanoes hawaii sitting,18:02:04,19.64188,-155.99315
2018-05-08,1714726381.0,itsnotben,hawaii round kept real chill last day big,17:50:43,19.9869,-155.235
2018-05-08,285555348.0,RobertJohnCook,please join monday may special event learn,16:43:03,19.49332,-155.91775990000005
2018-05-08,1962183522.0,picture_happy,current volcanic activity big island hawai â€™ got,16:19:41,19.39923,-155.287
2018-05-08,2379070652.0,tiedyehobo,free tiedye socks purchase uzygxofr offer good,15:59:58,19.52575,-155.92358000000004
2018-05-08,1483621586.0,HappyMonkey604,go lahaina hawai,15:38:28,20.8861,-156.675
2018-05-08,1483621586.0,HappyMonkey604,getting vacation something done,15:01:06,20.87258987,-156.67830398
2018-05-08,20082649.0,jammaquino,lava consumes powerlines overruns pavement hookupu,09:18:32,19.4735,-154.92
2018-05-08,20082649.0,jammaquino,leilani estates resident marcus moylan looks back one last time,09:08:55,19.4735,-154.92
2018-05-08,20082649.0,jammaquino,leilani estates resident want identified carries,08:23:51,19.4735,-154.92
2018-05-08,45979358.0,DandyLyon74,said fair well home leilani estates hawaii sunday,08:16:26,19.4735,-154.92
2018-05-08,45979358.0,DandyLyon74,felt blessed one last cars get,08:16:23,19.4735,-154.92
2018-05-08,347021304.0,MorganVicJo,leave nothing footprints ğŸ‘£ kill nothing time â˜€ ï¸ ğŸŒŠ explore,07:11:29,19.90911245,-155.89905314
2018-05-08,16793409.0,Cimcie,today saw nÄ“nÄ“ ğŸ¦† ğŸ‘€ watchme nene haleakala haleakalÄ,06:46:14,20.76951362,-156.24264947
2018-05-08,322284644.0,taydavies_,survived road hana ğŸ¤™ ğŸ¼ waiÊ»anapanapa state par,06:21:25,20.7858,-155.997
2018-05-08,14501644.0,mattical69,pele â€™ sake somebody â€™ saved droid ğŸ™ ğŸ¤– ğŸŒ‹,05:38:48,19.64188,-155.99315
2018-05-08,25859302.0,sdbrady,ya go remember someone else much worse,05:17:52,19.9431,-155.79
2018-05-08,66797474.0,k4silva,may heard last week hawaii kilauea volcano,04:09:42,19.6211,-155.042
2018-05-08,713090676.0,DeniseLaitinen,pahoa community center update leilani lava,03:59:03,19.501,-154.953
2018-05-08,2379070652.0,tiedyehobo,uzygxofroriginal tiedye creations tiedye tiedyehobo,03:46:55,19.52575,-155.92358000000004
2018-05-08,25859302.0,sdbrady,looks like â€™ settling lava front waikoloa hawai,03:08:28,19.9431,-155.79
2018-05-08,28669569.0,JanaMcMahon,making fried green tomatoes waianaegold kiawe flour mama,02:28:43,20.7049,-156.44638999999995
2018-05-08,1483621586.0,HappyMonkey604,posted video westin nanea ocean villa,02:25:24,20.94242269,-156.69104576
2018-05-08,56950776.0,selphie6999,maui medical group wailuku h,02:24:25,20.88718596,-156.5047467
2018-05-08,2557950577.0,henrymortega1,views hawaii vacation â¤ ï¸ waikoloa,02:02:52,19.9163848,-155.88579531
2018-05-08,52498259.0,COGdesign,love prayers go family loved ones big,02:01:58,19.4735,-154.92
2018-05-08,519146710.0,MarkOwnsUrFace,sunrise haleakala crater island,01:47:14,20.8868816,-156.4774079
2018-05-08,519146710.0,MarkOwnsUrFace,posted photo island mau,01:35:34,20.8868816,-156.4774079
2018-05-08,76147467.0,sunflwer1975,soon settle wobbles catsofcinderland,01:31:01,19.5113057,-154.8357826
2018-05-08,1483621586.0,HappyMonkey604,baby first waterslide westin nanea ocean villa,01:07:23,20.94242269,-156.69104576
2018-05-08,453303348.0,STthre3,taking rest joeflateau gets one last,00:41:18,20.6540706,-156.44116353
2018-05-08,18195374.0,pagejeter,still head ğŸŒŠ ğŸŒŠ maui hawaii travel explore hike beach coast,00:39:14,20.68377868,-156.4417521
2018-05-07,11275422.0,whistlerdev,staring beac,23:35:57,19.79240139,-156.0274886
2018-05-07,1483621586.0,HappyMonkey604,posted video westin ka anapali ocean resort villa,23:29:14,20.93946854,-156.69201331
2018-05-07,116923047.0,YNVUCLOTHING,still cute french twist pants avaliable colors,23:21:55,20.8907108,-156.4644165
2018-05-07,15246236.0,Randall_Shirley,â€™ mahalomonday â€™ grateful live alongside world â€™ active,23:19:57,19.48333333,-155.6
2018-05-07,20118175.0,Nicknack784,morning views maui aloha find,23:00:24,20.68081139,-156.44266279
2018-05-07,453303348.0,STthre3,last lunch maui fishtacos ono,22:55:15,20.7201405,-156.44644169999995
2018-05-07,116923047.0,YNVUCLOTHING,proclubs arrived ynvuclothing mauimall ynvu ynvuhawaii,21:58:57,20.8907108,-156.4644165
2018-05-07,27066901.0,Will_Greer,pouring rain cares workday k mauihumanesociety kapalua,21:55:00,20.9967,-156.653
2018-05-07,773602800.0,OptimisticVibe1,woman supported awakening writer â€™ workshop write spiritual,21:35:19,19.65,-155.994
2018-05-07,25859302.0,sdbrady,new galvanic spa coming ğŸ‘ ğŸ˜ hilton waikoloa villag,20:39:43,19.9240327,-155.88749886
2018-05-07,2479878103.0,BrigetteNamata,ğŸ˜³ residents leilani estates seeing county officials,20:12:55,19.4735,-154.92
2018-05-07,68403019.0,telizs3,pics visit volcanoes national park halemaumau crater,19:55:20,19.39923,-155.287
2018-05-07,285555348.0,RobertJohnCook,project optimistic vibe made today â€™ newspaper phone,19:39:02,19.49332,-155.91775990000005
2018-05-07,285555348.0,RobertJohnCook,â€˜ follow passion virtues adorned set,18:20:17,19.65,-155.994
2018-05-07,37758023.0,FSLanai,version monday blues photo sweetheart rock pu â€™ u pehe,18:07:58,20.83333333,-156.93333333
2018-05-07,1714726381.0,itsnotben,hawaii round black sands beach giant turtles scenic coastal drives,18:04:51,19.431649,-155.21687
2018-05-07,23015011.0,ekgeee,room service great view hawaiivacation,16:50:03,19.99474937,-155.82442103
2018-05-07,146108105.0,adunni66,safe â€™ thoughts bigisland hawaii kilauea waipio valle,15:55:18,20.1197,-155.593
2018-05-07,375220320.0,MrRobertScott,â€œ mahalo hardest act follow â€ ğŸ¬ ğŸŒ´ ritz carlton kapalu,15:14:06,21.000808600000006,-156.6538499
2018-05-07,773602800.0,OptimisticVibe1,qicfmehfad optimistic vibe hawai,14:02:05,19.49332,-155.91775990000005
2018-05-07,58562147.0,talonreid,private plane yesterday around erupting volcano ğŸŒ‹ amazing,12:25:47,19.66965999,-156.02117059
2018-05-07,340583912.0,PineappleClan,deadzones yeah pay taxes much taxes shit make sensewhere,08:59:43,21.13333333,-157.03333333
2018-05-07,20118175.0,Nicknack784,perfect ending day jacknealy maui,08:25:14,20.68081139,-156.44266279
2018-05-07,285555348.0,RobertJohnCook,cottage sea amp land gotta watch iandwdnk,07:57:00,19.1076,-155.767
2018-05-07,465058182.0,allkinecrossfit,encourage raise strong learn healthy habits,06:54:33,20.90556,-156.48851000000005
2018-05-07,14837934.0,richienorton,pray big island ğŸ™ ğŸ”¥ ğŸ¤™ ğŸ¾ hawaii volcano volcanonationalpark big,06:43:29,19.99806,-155.81602
2018-05-07,9.277316749216316e+17,katiesellsmaui,best way end busy day ğŸ‘Œ ğŸ¼ hope everyone great weekend andaz maui,06:30:49,20.692604,-156.44253500000005
2018-05-07,23015011.0,ekgeee,pictures â€™ taken far,05:14:29,19.99474937,-155.82442103
2018-05-07,58562147.0,talonreid,mahalo girl madison sending back la laki maikaÊ»i,05:06:56,20.89861111,-156.43055556
2018-05-07,20082649.0,jammaquino,lava flows onto pavement luana street leilani estates sunday,04:42:07,19.4735,-154.92
2018-05-07,2379070652.0,tiedyehobo,guess time dpffgznd hawaii tiedyehobo tiedye hippie,04:26:54,19.52575,-155.92358000000004
2018-05-07,268352653.0,MaliaInMotion,rain shine sunday mornings trails mauirunco ohana leave,04:17:43,20.83208576,-156.27532174
2018-05-07,25859302.0,sdbrady,one greats world ann houghteling ğŸ˜ ğŸ˜ ğŸ˜ ğŸ– hilton waikoloa villag,04:12:29,19.9240327,-155.88749886
2018-05-07,56950776.0,selphie6999,chevron h,03:57:40,20.83437087,-156.33394482
2018-05-07,56950776.0,selphie6999,majestic laundry amp dry cleaning pukalani h,03:41:38,20.83768631,-156.34214502
2018-05-07,56950776.0,selphie6999,farmacy health bar grill farmacyhealthbg makawao h,03:40:23,20.837929000000006,-156.3419
2018-05-07,56950776.0,selphie6999,us post office pukalani h,03:39:48,20.83800348,-156.34216626
2018-05-07,56950776.0,selphie6999,acehardware makawao h,03:39:18,20.8386587,-156.34147021
2018-05-07,56950776.0,selphie6999,subway makawao h,03:38:50,20.83834197,-156.34174273
2018-05-07,56950776.0,selphie6999,weiwei bbq makawao h,03:38:15,20.83823786,-156.34187187
2018-05-07,56950776.0,selphie6999,american savings bank pukalani h,03:37:49,20.83839592,-156.34171191
2018-05-07,20118175.0,Nicknack784,made officially vacation sun,03:16:58,20.68081139,-156.44266279
2018-05-07,23034696.0,jodosrice,drinking kanaha blonde ale konabrewingco pikake â€” axzq,03:15:40,20.9559,-156.686
2018-05-07,20082649.0,jammaquino,leilani estates residents elizabeth kerekgyarto right lucina aquilina,03:15:06,19.4735,-154.92
2018-05-07,37758023.0,FSLanai,sundays sake lanai sip different moalsinc sakes learn,03:11:37,20.74024162,-156.89549446
2018-05-07,84197296.0,soniafarooq,thank god kilauea waited us leave exploded ğŸŒ‹,02:54:55,19.420557100000003,-155.2891501
2018-05-07,340583912.0,PineappleClan,revenge sixth land far far away maytheforcebewithyou,02:54:40,19.7261635,-155.086633
2018-05-07,21226961.0,Mr2theP,smoke smoke smoke kev stylemedia darrenvegas islandfever ğŸ…¿ ï¸ ğŸŒ´ ğŸ‘ haiku hawai,02:50:53,20.9175,-156.32583333
2018-05-07,14466397.0,MauiBenjamin,maui kombucha amp sushi rainy day haiku dad amp daughter sunday ğŸ¤™ ğŸ½,02:20:03,20.91404311,-156.32278919
2018-05-07,56950776.0,selphie6999,safeway kahului h,01:54:48,20.88840968,-156.46344960000005
2018-05-07,7.675854017877238e+17,Poggenpohl_HI,checking amazing oceanfront maui condo designed several years,01:12:57,20.7591,-156.457
2018-05-07,13335.0,BillAdams,edge halema uma u crater kalaimoku advisor king makes,00:43:31,19.41,-155.286
2018-05-07,30883871.0,wubbi,mauna loa letting steam hawaii island,00:40:02,19.56666667,-155.5
2018-05-07,123938204.0,EhikuRademacher,images surreal ğŸŒ‹ many displaced others,00:15:30,19.49197568,-155.16487645
2018-05-06,36176997.0,FourSeasonsJobs,see latest lanaicity hi job click apply room service order taker nxsivsx customerser,23:12:29,20.8693387,-156.9061034
2018-05-06,116923047.0,YNVUCLOTHING,still cute hot rod sally dress come check available,23:06:10,20.8907108,-156.4644165
2018-05-06,465058182.0,allkinecrossfit,taking care mental physical spiritual health helps bring focus,22:42:29,20.90556,-156.48851000000005
2018-05-06,493461606.0,ashleyyyz3,eternally grateful big island honaunau,22:36:22,19.4269,-155.91299999999995
2018-05-06,11275422.0,whistlerdev,laptop cas,22:17:08,19.96353052,-155.85473295
2018-05-06,2379070652.0,tiedyehobo,aloa tiedyehob,22:09:05,19.52575,-155.92358000000004
2018-05-06,58562147.0,talonreid,last day beautiful beaches ğŸ¤™ ğŸŠ â€ â™‚ ï¸ maui hawaii islandlife maui,22:04:47,20.9967,-156.653
2018-05-06,29855388.0,bcliff84,baby brother coming bench four seasons,21:44:52,20.68081139,-156.44266279
2018-05-06,23034696.0,jodosrice,friends sunsets hula dancers old lahaina lua,21:27:57,20.88581,-156.68535
2018-05-06,16793409.0,Cimcie,ğŸŒ´ got show jason magical place â€™ going since kid,21:15:38,20.6394,-156.125
2018-05-06,28669569.0,JanaMcMahon,roasting yellow beans weekly meals meal prep essential,21:12:18,20.7591,-156.457
2018-05-06,271941115.0,shawnpila,â€™ still totally baffled whole situation devastated speechless,20:59:25,19.4735,-154.92
2018-05-06,116923047.0,YNVUCLOTHING,still variety men tees tanks avaliable ynvuclothing,20:22:03,20.8907108,-156.4644165
2018-05-06,375220320.0,MrRobertScott,island â€™ beauty comes lots distractions vacation,20:11:09,21.000808600000006,-156.6538499
2018-05-06,14466397.0,MauiBenjamin,rainbows ft flat neasterly winds mph knots w gusts mph,19:41:36,20.9348,-156.679
2018-05-06,453303348.0,STthre3,got pizza place last night,19:24:13,20.91581,-156.38201
2018-05-06,58562147.0,talonreid,everyone go check new video shot post apocalyptic scenes,19:00:34,20.9967,-156.653
2018-05-06,14466397.0,MauiBenjamin,kaanapali point ft early east wind kicking mph knots w gusts,18:44:06,20.9348,-156.679
2018-05-06,18195374.0,pagejeter,cue tlc waterfalls hawaii maui roadtohana sevensacredpools travel,18:33:57,20.66202034,-156.0443422
2018-05-06,453303348.0,STthre3,spent time lava tube black sand,18:28:06,20.7858,-155.997
2018-05-06,14466397.0,MauiBenjamin,ukumehame ft calm early sunday conditions leeward sides maui,17:48:09,20.79690726,-156.58702019999996
2018-05-06,18195374.0,pagejeter,beach please â›µ ğŸ maui hawaii cincodemayo beach boat travel,17:36:14,20.9348,-156.679
2018-05-06,193134984.0,lopezJ808,â€™ glad family safe big island ğŸ”¥ ğŸŒ‹ mother nature force,17:27:02,19.56666667,-155.5
2018-05-06,14466397.0,MauiBenjamin,ho â€™ okipa ft early northerly wind mph knots maui sunday,17:23:27,20.9332,-156.358
2018-05-06,66811005.0,HiloPalace,back ğŸ‘ ğŸ½ ğŸš¨ death stalin play today pm amp pm,17:13:15,19.72453,-155.08649
2018-05-06,15015361.0,laukevin,praying safety residents around kÄ«lauea ğŸ™ ğŸ» safe hawai,16:48:57,19.39923,-155.287
2018-05-06,23015011.0,ekgeee,get wake ğŸ hapuna beach,15:57:16,19.99474937,-155.82442103
2018-05-06,25859302.0,sdbrady,wasatch labs added nu skins arsenal assets keep,14:21:51,19.9240327,-155.88749886
2018-05-06,58562147.0,talonreid,best dinner trip tonight made fresh homie alvin,10:21:28,21.000808600000006,-156.6538499
2018-05-06,65224267.0,firebladepilot_,crazy video lava flow today middle housing area big,09:00:49,19.4735,-154.92
2018-05-06,76147467.0,sunflwer1975,poor boy scared ğŸ˜± came bed early wobbles catsofinstagram,08:54:44,19.5113057,-154.8357826
2018-05-06,362523555.0,QuakesToday,magnitude earthquake km ainaloa hi unitedstate,06:20:05,19.52,-155.006
2018-05-06,1575202140.0,AirHawaiiNet,ã‚­ãƒ©ã‚¦ã‚¨ã‚¢ç«å±±ã®å™´ç« ğŸŒ‹ è¿‘éš£ã®æ–¹ã€…ã¯å¤§ä¸ˆå¤«ã‹ãª â€¦ å¤§è‡ªç„¶ã¨å…±å­˜ã—ã¦ã‚‹ä»¥ä¸Š ã€ ä»•æ–¹ã®ãªã„ã“ã¨ã ã‘ã‚Œã©ã‚‚ ã€ ã€ å¿ƒé…ã§ã™ã­ ğŸ˜” å ´æ‰€ volcano national,06:18:52,19.61838,-155.98554
2018-05-06,2379070652.0,tiedyehobo,free tiedye sockswith purchase uzygxofr offer good till,06:00:58,19.52575,-155.92358000000004
2018-05-06,285555348.0,RobertJohnCook,writer â€™ workshop designed heart write spiritual memoir,05:50:08,19.49332,-155.91775990000005
2018-05-06,7.675854017877238e+17,Poggenpohl_HI,g maui afternoon sunlight ğŸŒ gottling home store shops waile,05:37:00,20.68711,-156.4403
2018-05-06,1146568291.0,EricaDawley,getting smashed piÃ±ata ğŸ‡² ğŸ‡½ ğŸ¹ ğŸ’ƒ ğŸ½ justkiddingnotreally,05:25:10,20.88698436,-156.68506521
2018-05-06,773602800.0,OptimisticVibe1,feel spiritual shift taking place,05:20:25,20.9000607,-156.3629864
2018-05-06,494811197.0,MugenIsTheName,lava flow eruption looks like happening right far â€™ hearing two hous,04:22:00,19.67352918,-155.08122929
2018-05-06,593078442.0,ChefBellec,looking looking eye ehu hawaiian red,03:44:36,19.82792,-155.99132
2018-05-06,375220320.0,MrRobertScott,red sand beach dusk ğŸŒš ğŸŒŠ along road hana ğŸŒ„ red sand beac,02:44:56,20.7522,-155.982
2018-05-06,2379070652.0,tiedyehobo,love ganja tiedyehob,01:41:08,19.52575,-155.92358000000004
2018-05-06,453303348.0,STthre3,kaihalulubeach redsandbeach,01:35:01,20.7522,-155.982
2018-05-06,76147467.0,sunflwer1975,â€™ still way danger zone hawaiivolcano punalava â€™ blue,01:21:26,19.5113057,-154.8357826
2018-05-06,285555348.0,RobertJohnCook,photo credit dbphotogallery optimistic vibe hawai,01:19:20,19.49332,-155.91775990000005
2018-05-06,58562147.0,talonreid,day maui hawaii islandlife maui kamehameha theritzcarltonkapalua,01:17:09,21.000808600000006,-156.6538499
2018-05-06,285555348.0,RobertJohnCook,fwewkfgtxp optimistic vibe hawai,01:15:34,19.49332,-155.91775990000005
2018-05-06,285555348.0,RobertJohnCook,â€˜ one cause negativity world selfishness â€™,00:54:08,19.5268,-155.92338
2018-05-06,340583912.0,PineappleClan,hunting get text â€™ cinco de drinko seeashotsendashot,00:53:20,21.13333333,-157.03333333
2018-05-06,14466397.0,MauiBenjamin,ho â€™ okipa ft neast wind mph knots w gusts mph cloud,00:41:24,20.9332,-156.358
2018-05-06,271941115.0,shawnpila,uncle dooties â € â € shot iphone uncleshawn groms gromsfordays,00:37:56,19.7151437,-155.08454890000004
2018-05-06,58562147.0,talonreid,âœ” ï¸ ğŸ¤™ ğŸŒ‹ unreal onceinalifetime kilauea kilaueavolcano pele activevolcano,00:08:30,19.66965999,-156.02117059
2018-05-06,50999894.0,Magphotoguy,latest update kilauea volcano national park service,00:02:14,19.39923,-155.287
2018-05-06,2379070652.0,tiedyehobo,trippin got go head tiedyehobo ğŸ™„,00:01:53,19.52575,-155.92358000000004
2018-05-05,36176997.0,FourSeasonsJobs,interested job wailea hi could great fit somyohz customerser,23:48:30,20.6802785,-156.4420269
2018-05-05,58562147.0,talonreid,well never thought would get selfie erupting volcano,23:29:53,19.66965999,-156.02117059
2018-05-05,68403019.0,telizs3,â€œ every act creation first act destruction â€ picasso,22:51:28,19.99806,-155.81602
2018-05-05,54222784.0,StephanieElam,interviewing evacuee near leilaniestates ash started,22:47:29,19.4735,-154.92
2018-05-05,453303348.0,STthre3,lunchtime roadtohanamaui,22:23:23,20.75144,-155.98637
2018-05-05,116923047.0,YNVUCLOTHING,still cute top available come check ynvuclothing,22:17:22,20.8907108,-156.4644165
2018-05-05,2379070652.0,tiedyehobo,like mammal species live big island cats dogs,22:04:13,19.52575,-155.92358000000004
2018-05-05,116923047.0,YNVUCLOTHING,g sterling silver tahitian edison pearl bangles come seem,21:48:43,20.8907108,-156.4644165
2018-05-05,39176798.0,cyulit,oh mr golden sun kihei hawai,21:19:23,20.7591,-156.457
2018-05-05,39176798.0,cyulit,laughing daddy byun kihei hawai,21:18:45,20.7591,-156.457
2018-05-05,2379070652.0,tiedyehobo,happy cinco de mayo free tiedye sockswith purchase uzygxofr,20:34:04,19.52575,-155.92358000000004
2018-05-05,27066901.0,Will_Greer,current situation ritz carlton kapalu,20:06:35,21.000808600000006,-156.6538499
2018-05-05,285555348.0,RobertJohnCook,think small optimistic vibe hawai,20:04:32,19.49332,-155.91775990000005
2018-05-05,18195374.0,pagejeter,coastline hike kapalua ğŸŒŠ maui hawaii hike nature outdoors beauty,19:38:19,20.99794,-156.66683999999995
2018-05-05,38407134.0,dansimontv,live kilauea courtesy friend lisa hawaiian island,17:40:33,19.64188,-155.99315
2018-05-05,453303348.0,STthre3,good morning maui goodmorningroosters,16:41:52,20.92055556,-156.3125
2018-05-05,16726970.0,christinalowery,â€™ know impossible situation right know,15:05:18,20.8861,-156.675
2018-05-05,362523555.0,QuakesToday,magnitude earthquake km hawaiian acres hi united state,14:20:04,19.516,-155.036
2018-05-05,63339798.0,campelloricardo,hawaiian times haleakala volcano ğŸŒ‹,14:15:09,20.76951362,-156.24264947
2018-05-05,288973089.0,AmeenaMatthews,salaamspraying families friends love ones big island,12:10:58,19.64188,-155.99315
2018-05-05,14466397.0,MauiBenjamin,paddle imua stand paddleboard hydrofoil sup prone race starts pm,11:39:14,20.92862201,-156.26196259
2018-05-05,58562147.0,talonreid,got ball ritz â€™ court maui front dopest sunset,10:54:17,21.000808600000006,-156.6538499
2018-05-05,742726076.0,jasonizumiKona,hazyhorizon seaview honalo rightnow volcano eruption nofilter,08:59:53,19.542115,-155.928833
2018-05-05,110180629.0,mralpern,road goes forever party never,08:03:05,20.850838600000003,-156.1421469
2018-05-05,453303348.0,STthre3,raining lot makes,07:27:47,20.90656,-156.24313999999995
2018-05-05,465058182.0,allkinecrossfit,maythethbewithyou ğŸ’ª ğŸ¼ â˜ ğŸ¼ allkinejoanna iamprojectx kine crossfi,07:16:06,20.90556,-156.48851000000005
2018-05-05,493461606.0,ashleyyyz3,another perfect sunset day paradise,06:54:13,19.4764,-155.923
2018-05-05,14466397.0,MauiBenjamin,happy aloha maui friday great weekend everyone ehodwszzk,06:53:32,20.92862201,-156.26196259
2018-05-05,340583912.0,PineappleClan,oh boy stalking today lol get sumpthin put,06:34:33,21.13333333,-157.03333333
2018-05-05,58562147.0,talonreid,kapalua hawaii hawaiiphotoshoots hangloose maui islandlife,06:24:43,20.9967,-156.653
2018-05-05,465058182.0,allkinecrossfit,â€œ michael kepi masters athletes ambassadors,06:06:17,20.90556,-156.48851000000005
2018-05-05,20082649.0,jammaquino,evacuees seen silhouette inside american red cross shelter,05:56:15,19.49309419,-154.94618483
2018-05-05,28205138.0,ryan_a_jones,heard beach sea turtles swam end,05:54:24,20.9332,-156.358
2018-05-05,238707383.0,chanelledeanna,love beautiful place ğŸŒ´ ğŸŒŠ ğŸŒ maui hawaii hana hawai,05:54:16,20.77,-155.994
2018-05-05,20082649.0,jammaquino,standing room crowd listens community meeting address concerns,05:45:20,19.49309419,-154.94618483
2018-05-05,20082649.0,jammaquino,left pahoa resident ingrid webb leilani estates resident amy,05:44:17,19.49309419,-154.94618483
2018-05-05,212574398.0,tri_connelly,udon hilo hi earthquakes lava flows,05:14:02,19.7055,-155.086
2018-05-05,1947483542.0,AlainaFuata,â€œ pele honua mea pele sacred land pele â€˜ ai honua pele,04:29:08,19.4735,-154.92
2018-05-05,21219253.0,iamdougevans,goddess rising â¤ ï¸ honour respect goddess pele rising,04:11:06,19.65,-155.994
2018-05-05,227366903.0,mike_herron,end cap day pololu valley lookou,04:05:45,19.5787497,-155.9657976
2018-05-05,28669569.0,JanaMcMahon,star apple ğŸŒŸ pupu starter thanks okoafarms bonus,03:49:25,20.68583,-156.44215
2018-05-05,14466397.0,MauiBenjamin,happy aloha maui friday great weekend everyone,03:35:01,20.92862201,-156.26196259
2018-05-05,18195374.0,pagejeter,coastal hike ğŸŒŠ maui hawaii ocean hike coastline travel,03:33:41,20.99794,-156.66683999999995
2018-05-05,66811005.0,HiloPalace,due recent activity puna cancelling tonight friday,03:09:49,19.72453,-155.08649
2018-05-05,58562147.0,talonreid,hell yea tell â€™ sitting pool ritz maui,02:38:17,21.000808600000006,-156.6538499
2018-05-05,11275422.0,whistlerdev,earthquakes amp volcanoes pair well sauvignon blanc puak,01:34:12,19.82831695,-155.99254681
2018-05-05,38292757.0,kuhao,oldestenergynewestcreation quick huaka â€™ lua pele last night,01:28:20,19.41,-155.286
2018-05-05,21823971.0,nellielaan,luckily people still come visit keeping eye thise quakes,01:07:52,19.725278,-155.048333
2018-05-05,1347680600.0,alyssa_hamlet,kilauea erupting thought share pic family trip,01:07:46,19.61838,-155.98554
2018-05-05,18195374.0,pagejeter,loved vintage hawaii experience mama fish house ğŸŒº maui hawaii,01:07:15,20.92915584,-156.36718517
2018-05-05,375220320.0,MrRobertScott,front flipped waterfall like mothaf missed,00:45:45,20.90656,-156.24313999999995
2018-05-05,300577694.0,DallasUncorked,felt earthquakes ok cogills safe blue,00:44:00,19.932,-155.865
2018-05-05,116923047.0,YNVUCLOTHING,cute top still available ynvuclothing couple left come check,00:16:01,20.8868816,-156.4774079
2018-05-05,21226961.0,Mr2theP,â€™ ever second guess ur dopeness darrenvegas kev stylemedia kendallake,00:00:42,20.90656,-156.24313999999995
2018-05-04,28159210.0,oddmanout75,safe headed airport still couple hours,23:56:27,19.7055,-155.086
2018-05-04,18195374.0,pagejeter,nothing see ğŸ˜‰ ğŸ˜‰ maui hawaii beach vacation relax travel,23:49:39,20.91392738,-156.39298457
2018-05-04,36176997.0,FourSeasonsJobs,hiring read latest job opening steward eqsxmybebc customerservice,23:48:24,20.6802785,-156.4420269
2018-05-04,66811005.0,HiloPalace,stay safe everyone ğŸ¤™ ğŸ½ showing scheduled film death,23:44:49,19.72453,-155.08649
2018-05-04,121049123.0,INGVterremoti,terremoto mw ore del hawaiian islands united states land prof k,23:34:03,19.65,-155.12
2018-05-04,20082649.0,jammaquino,leilani estates resident evacuee ron mclane sits outside american red,23:31:47,19.49309419,-154.94618483
2018-05-04,22755516.0,HulasWaikiki,thoughts prayers people big island right,23:31:21,19.99806,-155.81602
2018-05-04,227366903.0,mike_herron,beautiful sights way going valley,23:21:13,20.1197,-155.593
2018-05-04,116923047.0,YNVUCLOTHING,still cute jeggings available ynvuclothing one size also,23:13:10,20.8907108,-156.4644165
2018-05-04,36176997.0,FourSeasonsJobs,hiring read latest job opening host ess nobu ebhchgvu customerservice l,23:11:30,20.8693387,-156.9061034
2018-05-04,2379070652.0,tiedyehobo,rad felt lava rumble last seconds,22:59:35,19.52575,-155.92358000000004
2018-05-04,36176997.0,FourSeasonsJobs,recommend anyone job lanaicity hi fywvnjld culinary hospita,22:56:53,20.8693387,-156.9061034
2018-05-04,53987002.0,Renan_Luan,visita em fevereiro ao vulcÃ£o kilauea havaÃ­ entrou em erupÃ§Ã£o hoje ğŸŒ‹,22:52:32,19.39923,-155.287
2018-05-04,123938204.0,EhikuRademacher,growing big island remember going visit lava flow night,22:44:33,19.4139,-155.246
2018-05-04,266281691.0,AlyaShowroom,yesterday â€™ adventure see madam pele ğŸŒ‹ volcano national park kilaue,22:42:38,19.61838,-155.98554
2018-05-04,203226820.0,LastQuake,estimated population felt area inhabitant,22:36:09,19.46,-155.16
2018-05-04,287337150.0,czanec,glad hear girl safe volcano,22:31:00,19.1267555,-155.78271333
2018-05-04,227366903.0,mike_herron,pics drive morning laupahoehoe beach par,22:13:15,19.9924565,-155.2399869
2018-05-04,285555348.0,RobertJohnCook,earthquake volcano active today pahoa friends,21:48:26,19.5268,-155.92338
2018-05-04,36807899.0,ambermaliah,repost repostlyapp theeconomist photo released u,21:47:33,19.38638889,-155.105
2018-05-04,28159210.0,oddmanout75,wrapping big island trip group picture imiloa,21:43:22,19.70093238,-155.08853869
2018-05-04,14466397.0,MauiBenjamin,happy aloha friday great weekend dbhiudbsk maui,21:09:23,20.8147,-156.625
2018-05-04,146108105.0,adunni66,met many cool people pahoa surrounding area night uncle,20:45:23,19.501,-154.953
2018-05-04,2557950577.0,henrymortega1,enjoying paradise sweet cheeks,20:24:24,19.55689217,-155.96366762
2018-05-04,21800307.0,kyle_michael_b,last night awesome opportunity snorkel manta rays aka,19:59:47,19.736101,-156.053883
2018-05-04,36807899.0,ambermaliah,mahalos crew updates safety takes us give lives,19:29:11,19.4735,-154.92
2018-05-04,16793409.0,Cimcie,hosting biggest event could possibly muster take,19:28:58,20.98777778,-156.66777778
2018-05-04,493461606.0,ashleyyyz3,glad went fav little lava spring,19:27:38,19.4608,-154.847
2018-05-04,227366903.0,mike_herron,malted belgian waffle topped macadamia nuts banana lilikoi syrup amp,19:07:19,19.72223,-155.06458
2018-05-04,154787088.0,Belou20,â€™ imagine people leilani neighbors feeling right,19:05:07,19.7055,-155.086
2018-05-04,36807899.0,ambermaliah,ikaika mizuo khonnews officials waiting get lolos like wait,19:03:42,19.4735,-154.92
2018-05-04,36807899.0,ambermaliah,big snow mauna kea last years like filling hot coffee crushed,18:57:43,19.7937972,-156.00457298
2018-05-04,18195374.0,pagejeter,clouds drift amp volcano suddenly reveals beachside â›° â›… maui,18:57:21,20.91392738,-156.39298457
2018-05-04,58562147.0,talonreid,ğŸ’ª back paradise ğŸ¤™ nodaysoff theritzcarlton theritzcarltonkapalua,18:57:11,21.000808600000006,-156.6538499
2018-05-04,285555348.0,RobertJohnCook,â€˜ two hundred thousands years one hundred eight billion people later,18:48:57,19.5268,-155.92338
2018-05-04,15743054.0,azhiaziam,kilauea lavaflow going leilaniestates staysafe everyone,18:48:42,19.4735,-154.92
2018-05-04,16793409.0,Cimcie,ğŸŒ‹ stay safe bigisland â€™ hard catch puddlejumper,18:33:13,20.98590154,-156.66873096
2018-05-04,189282513.0,MrTrevorJames,let everybody finish posting head shot pics dropped,18:31:10,19.7055,-155.086
2018-05-04,351258862.0,Cassymm,staycation vacation ğŸŒ„ ohana â¤ ï¸ maui hawaii haleakala crater haleakal,18:30:08,20.71333333,-156.2575
2018-05-04,9.277316749216316e+17,katiesellsmaui,happy aloha friday ğŸŒº ğŸ¤™ ğŸ¼ ğŸŒŠ open houses team nicoletti,18:07:56,20.69,-156.43889
2018-05-04,285555348.0,RobertJohnCook,â€˜ happiness therein passion â€™ robertjohncook,17:32:24,19.5268,-155.92338
2018-05-04,340583912.0,PineappleClan,may th hypebeast youalreadyknow perfect pair,17:21:32,21.089,-157.013
2018-05-04,15246236.0,Randall_Shirley,happy alohafriday world reminded live active,17:13:46,19.421097,-155.286762
2018-05-04,375220320.0,MrRobertScott,ziplining kapalua rainforest ğŸ‘· ğŸ» â€ â™‚ ï¸ ğŸ¤™ ğŸ¼ aloha kapalua zipline,17:09:38,20.99739149,-156.65375151
2018-05-04,285555348.0,RobertJohnCook,friends pahoa effected evacuation stay strong need,16:40:40,19.49332,-155.91775990000005
2018-05-04,14466397.0,MauiBenjamin,happy aloha friday great weekend everyone,16:07:26,20.92862201,-156.26196259
2018-05-04,21226961.0,Mr2theP,spark roach morning coffee â€™ mind ğŸ…¿ ï¸ haiku makawao,15:46:37,20.87512101,-156.21762258
2018-05-04,742726076.0,jasonizumiKona,one thing counton live lives every day tiffanie count,14:57:16,19.5593,-155.93
2018-05-04,7.117604145733673e+17,missionmolokai,join us church sunday bible baptist church moloka,13:38:57,21.13070433,-157.20909571
2018-05-04,182413580.0,KwinMosby,hard believe years ago staring bubbling mouth kilauea,13:18:44,19.39923,-155.287
2018-05-04,23079315.0,kowenturner,visited volcano last thursday erupted yesterday causing,12:42:27,19.39923,-155.287
2018-05-04,284481348.0,HandKhandbags,heightened ğŸŒ‹ volcanic activity big island like,12:36:22,19.99806,-155.81602
2018-05-04,288973089.0,AmeenaMatthews,salaams wow seen fire amp rain always thaught see,12:34:38,19.9240327,-155.88749886
2018-05-04,260062389.0,deidriadavis,soitiswritten stay safe brother shortiniphotog,12:17:20,19.99806,-155.81602
2018-05-04,14466397.0,MauiBenjamin,happy aloha maui friday fabulous new years weekend everyone,10:48:50,20.92862201,-156.26196259
2018-05-04,2379070652.0,tiedyehobo,free tiedye sockswith purchase uzygxofroffer good till,09:05:29,19.52575,-155.92358000000004
2018-05-04,465058182.0,allkinecrossfit,happy birthday brandon hope wonderful blessed day ğŸ‰,08:12:53,20.90556,-156.48851000000005
2018-05-04,52498259.0,COGdesign,goddess paying visit old neighborhood pele madamepele,07:46:56,19.4735,-154.92
2018-05-04,189282513.0,MrTrevorJames,happy bday one biggest influences god father soul james,07:11:06,19.7055,-155.086
2018-05-04,16793409.0,Cimcie,âœ¨ many mystical moments happened see kd tonight maui get,07:00:11,20.98777778,-156.66777778
2018-05-04,243944159.0,julieziebart,tbt tour kilauea last november,06:47:04,19.61838,-155.98554
2018-05-04,189282513.0,MrTrevorJames,â€™ actually lava flowing neighborhood right â€™,06:46:29,19.7296791,-155.0650024
2018-05-04,238707383.0,chanelledeanna,exploring caves hana ğŸ¦€ ğŸ¦ ğŸ  ğŸŸ ğŸŒŠ maui hawaii hana lava tub,06:30:29,20.78551,-156.0276
2018-05-04,28159210.0,oddmanout75,still plugging away going walk soon view glow,06:26:40,19.43347901,-155.273789
2018-05-04,49376299.0,SMC_DC,took helicopter ride family see mauna loa kilauea everything,06:16:23,19.48333333,-155.6
2018-05-04,16463488.0,DrMickeyWit,mahalo maui ğŸŒº ğŸ’ ğŸ» â€ â™€ ï¸ westin nanea ocean villa,05:21:57,20.94242269,-156.69104576
2018-05-04,340583912.0,PineappleClan,bombing island live active volcano wtf think,04:57:43,19.7261635,-155.086633
2018-05-04,18195374.0,pagejeter,could choose love still choose maui hawaii,04:52:34,20.9107,-156.376
2018-05-04,271941115.0,shawnpila,insane act nature happening right big island massive,04:40:16,19.4735,-154.92
2018-05-04,453303348.0,STthre3,last time viewing sight,04:35:12,19.73888889,-156.04555556
2018-05-04,21800307.0,kyle_michael_b,buchandermann blend kona coffee available wherever low carb treats,04:10:44,19.64180041,-155.95266397
2018-05-04,21226961.0,Mr2theP,ayeeeee darrenvegas kev stylemedia itsirez islandfever coming soon lb,03:37:56,20.7522,-155.982
2018-05-04,3103940401.0,ralphmalani,volcano going nuts stay safe big island family friends,03:02:12,19.501,-154.953
2018-05-04,66811005.0,HiloPalace,may glance â¤ ï¸ â€¢ death stalin movie â€¢ keep,02:29:28,19.72453,-155.08649
2018-05-04,15333904.0,denisejoines,pu â€™ u â€™ showing red beauty crater floor collapsed puna nature,01:48:33,19.5061,-154.849
2018-05-04,227366903.0,mike_herron,mac nut heaven mauna loa macadamia nut,01:42:46,19.65711851,-155.00921091
2018-05-04,1215501686.0,ubchillin,ub chillin feet outer rim pele ubchillin,00:44:04,19.39923,-155.287
2018-05-03,36176997.0,FourSeasonsJobs,join four seasons resort maui wailea team see latest job opening qtbxnxed hospitality wailea,23:48:14,20.6802785,-156.4420269
2018-05-03,116923047.0,YNVUCLOTHING,still cute comfortable skirts available ynvuclothing also,23:37:02,20.8907108,-156.4644165
2018-05-03,18195374.0,pagejeter,red sand beach quite capture photo best ğŸŒŠ ğŸŒ³ maui,23:34:11,20.7522,-155.982
2018-05-03,56950776.0,selphie6999,jackinthebox kahului h,23:02:07,20.88892451,-156.46443523
2018-05-03,227366903.0,mike_herron,great start island road trip south point green sand beac,22:57:32,18.936311,-155.64660600000005
2018-05-03,36176997.0,FourSeasonsJobs,want work lanaicity hi view latest opening fwjrvdy customerservice job,22:56:42,20.8693387,-156.9061034
2018-05-03,37758023.0,FSLanai,signs good time lanai red dirt couple white jeep,22:49:47,20.83333333,-156.93333333
2018-05-03,453303348.0,STthre3,last day thebigisland headingtomauitonight,22:36:46,19.9163848,-155.88579531
2018-05-03,52498259.0,COGdesign,looks like madame pele thinking creating square footage,22:31:15,19.38638889,-155.105
2018-05-03,493461606.0,ashleyyyz3,chocolate rainbow lil cacao bean,22:17:51,19.4269,-155.91299999999995
2018-05-03,1215501686.0,ubchillin,corbeaux shirts perfect exploring ground ubchillin,21:45:51,19.06669594,-155.79916776
2018-05-03,2587789764.0,WorkWithSHC,hiring read latest job opening travel emergency room registered nurse,21:19:07,20.2338889,-155.80194440000002
2018-05-03,21823971.0,nellielaan,crater smoke distance vent causing trouble area,21:03:20,19.5071,-154.914
2018-05-03,69569140.0,miu_north,kÄ«laueaã«å‹•ç”»ã‚’æŠ•ç¨¿ã—ã¾,21:03:13,19.421097,-155.286762
2018-05-03,69569140.0,miu_north,hawai volcanoes national parkã«å‹•ç”»ã‚’æŠ•ç¨¿ã—ã¾,21:02:17,19.39923,-155.287
2018-05-03,69569140.0,miu_north,é«˜ä½å·®ã‚‚å‡„ã„ã‚ˆãƒ¼ å ´æ‰€ kÄ«lauea ik,20:58:30,19.4139,-155.246
2018-05-03,116923047.0,YNVUCLOTHING,left gone new color replace,20:58:06,20.8907108,-156.4644165
2018-05-03,66811005.0,HiloPalace,beautiful lobby âœ¨ ğŸ’› stay tuned complete lineup great movies,20:17:49,19.72453,-155.08649
2018-05-03,18195374.0,pagejeter,incredible coastline needed white horse see upper left,19:44:26,20.75412,-155.98632
2018-05-03,375220320.0,MrRobertScott,good mornin â€™ maui ğŸŒ´ â˜• ï¸ ritz carlton kapalu,19:42:06,21.000808600000006,-156.6538499
2018-05-03,1215501686.0,ubchillin,may best place ever get morning coffee hawaiiforestandtrail kona,19:11:22,19.53468321,-155.93114052
2018-05-03,374953981.0,SKIMHAWAII,little frontside pop big beach day mahalos shot,19:02:32,20.632483,-156.447802
2018-05-03,21226961.0,Mr2theP,coming soon islandfever darrenvegas ğŸ…¿ ï¸ ğŸŒ´ haiku makawao hawai,18:13:23,20.87512101,-156.21762258
2018-05-03,18195374.0,pagejeter,black amp blue ğŸŒŠ maui hawaii island beach lava rock water nature,18:06:44,20.78619,-156.00643
2018-05-03,29855388.0,bcliff84,thanks suga momma better rep,18:06:32,20.68081139,-156.44266279
2018-05-03,28669569.0,JanaMcMahon,molokai â€™ pu â€™ u hoku peaceful landscape good work organic,17:55:27,21.14253467,-156.73787075
2018-05-03,285555348.0,RobertJohnCook,onyvprkkfp optimistic vibe hawai,17:02:48,19.49332,-155.91775990000005
2018-05-03,21196825.0,sannebuurma,barren waste lands due lava yet perfect conditions start,16:16:24,19.64188,-155.99315
2018-05-03,340583912.0,PineappleClan,stick kids life shorty â€™ rough,09:26:13,19.7261635,-155.086633
2018-05-03,773602800.0,OptimisticVibe1,cwmvbcpuz,08:31:18,19.49332,-155.91775990000005
2018-05-03,773602800.0,OptimisticVibe1,people need people need,07:47:23,20.9000607,-156.3629864
2018-05-03,773602800.0,OptimisticVibe1,ccskpjrpt,07:40:15,19.65,-155.994
2018-05-03,773602800.0,OptimisticVibe1,calling everyone action required,07:36:16,20.9000607,-156.3629864
2018-05-03,773602800.0,OptimisticVibe1,turn heads away longer,07:17:10,20.9000607,-156.3629864
2018-05-03,465058182.0,allkinecrossfit,happy birthday jimmy hope wonderful blessed day,07:01:21,20.90556,-156.48851000000005
2018-05-03,21800307.0,kyle_michael_b,hanging tÅ«tÅ« pele goddess earth fire ğŸ”¥ ğŸŒ‹ kÄ«laue,06:53:28,19.421097,-155.286762
2018-05-03,9.277316749216316e+17,katiesellsmaui,little luau treat walk night ğŸ˜ ğŸŒº ğŸŒˆ te au moana lua,06:39:00,20.6879307,-156.4397055
2018-05-03,224628292.0,BrianSibbitt,kilauea volcano spitting lava lots action eruption looms,06:37:18,19.61838,-155.98554
2018-05-03,773602800.0,OptimisticVibe1,volunteer vw camper experience hawai,06:12:03,20.9000607,-156.3629864
2018-05-03,238707383.0,chanelledeanna,stopped twinfalls way hana ğŸŒ´ ğŸŒ³ ğŸŒ¿ maui hawaii twin,05:44:00,20.90656,-156.24313999999995
2018-05-03,224628292.0,BrianSibbitt,hawaiian sunset deck vacation kona sunset paradise lako hous,05:41:23,19.6087541,-155.96775055
2018-05-03,28159210.0,oddmanout75,happy catch sunrise morning get good views flew,05:23:13,19.65,-155.994
2018-05-03,9.277316749216316e+17,katiesellsmaui,perfect way end busy day ğŸ˜Œ ğŸŒ…,05:00:10,20.71567743,-156.4424303
2018-05-03,285555348.0,RobertJohnCook,offer buy one acre land cottage sea sales model,04:01:42,19.65,-155.994
2018-05-03,18195374.0,pagejeter,caving ğŸŒ´ maui blacksandbeach cave hawaii explore nature outdoors,03:53:36,20.78619,-156.00643
2018-05-03,18195374.0,pagejeter,beach lava ğŸŒŠ maui blacksandbeach hawaii ocean roadtohana nature,03:49:10,20.7858,-155.997
2018-05-03,16793409.0,Cimcie,mauivacation begun ğŸ˜ friedspammusubi âœ” ï¸ go see dad â€™ brick âœ” ï¸ get,02:41:47,20.98777778,-156.66777778
2018-05-03,7.34932561185538e+17,acityexplored,office need immediate help please contact,02:33:48,21.000808600000006,-156.6538499
2018-05-03,16463488.0,DrMickeyWit,ğŸ¢ ğŸ ho â€˜ okip,01:54:52,20.9332,-156.358
2018-05-03,453303348.0,STthre3,sitting watching volcano erupting easily,01:40:06,19.421097,-155.286762
2018-05-03,2379070652.0,tiedyehobo,check go follow lunalien wearing tiedye got,01:21:54,19.52575,-155.92358000000004
2018-05-03,374953981.0,SKIMHAWAII,little frontside air quarter pipe board slide fakie warm,01:13:25,20.8868816,-156.4774079
2018-05-03,116923047.0,YNVUCLOTHING,gray marble design tee ynvuclothing mauimall ynvu ynvuhawaii,00:44:16,20.8907108,-156.4644165
2018-05-03,116923047.0,YNVUCLOTHING,tupac god tee ynvuclothing available xl xl mauimall ynvu,00:12:42,20.8907108,-156.4644165
2018-05-03,56950776.0,selphie6999,rice memorial park kula kula h,00:01:46,20.74157932,-156.33261979
2018-05-02,37758023.0,FSLanai,looking bride groom â€™ right back â€™,23:52:44,20.74024162,-156.89549446
2018-05-02,351258862.0,Cassymm,bamboo forest ğŸ‹ â¤ ï¸ maui hawaii family ohana haiku makawao hawai,23:27:46,20.87512101,-156.21762258
2018-05-02,7.675854017877238e+17,Poggenpohl_HI,looks like wearing spaceboot selfiefail,23:25:10,20.68377868,-156.4417521
2018-05-02,36176997.0,FourSeasonsJobs,interested job lanaicity hi could great fit cnatpaaky hospita,23:11:12,20.8693387,-156.9061034
2018-05-02,453303348.0,STthre3,lunch view hana hou restauran,23:07:15,19.05998,-155.58587
2018-05-02,66811005.0,HiloPalace,starting friday may pm death stalin ğŸ‡· ğŸ‡º tyrannical,23:02:03,19.72453,-155.08649
2018-05-02,30883871.0,wubbi,earthquake earthquake oh kalan,23:01:30,19.41016006,-154.91383875
2018-05-02,18195374.0,pagejeter,black sand beach clearly ğŸŒ´ maui hawaii travel explore vacation hike,22:58:46,20.86865406,-156.46881417
2018-05-02,14466397.0,MauiBenjamin,ho â€™ okipa ft neast wind mph knots maui hump wednesday north,22:44:12,20.9332,-156.358
2018-05-02,16793409.0,Cimcie,first thing plane maui see sign holder name,22:33:51,20.89861111,-156.43055556
2018-05-02,593078442.0,ChefBellec,ready lunch service looks like pool going busy,22:14:00,19.82792,-155.99132
2018-05-02,18195374.0,pagejeter,exploring twin falls maui graffiti twinfalls stream hawaii nature hike,21:47:41,20.90656,-156.24313999999995
2018-05-02,29814678.0,NateyG,hole mother god ğŸŒ‹ haleakala crater maui h,21:36:06,20.7148496,-156.250292
2018-05-02,28159210.0,oddmanout75,bigislandtrip kamiloikibigislandtrip sites,20:49:00,20.02551872,-155.82165095
2018-05-02,63339798.0,campelloricardo,starting surf foil boys â€™ real hard fun pritchdog,20:40:30,20.911783,-156.40403899999995
2018-05-02,1215501686.0,ubchillin,ub getting ready get hike therealubchillin ubchillin trail,20:28:18,19.42207074,-155.91077019
2018-05-02,28669569.0,JanaMcMahon,coconut ğŸ¥¥ harvest hydrating water healthy fats versatile meat wonder,20:02:09,20.7591,-156.457
2018-05-02,18195374.0,pagejeter,baby pineapple ğŸ maui hawaii pineapple nature pink hana hanafarms,20:01:52,20.78224826,-156.02038424
2018-05-02,593078442.0,ChefBellec,making fshualalai beachtreerestaurant freshly extruded pennerigate,19:44:36,19.82792,-155.99132
2018-05-02,742726076.0,jasonizumiKona,ordered thyme seeds amazon get many ğŸ˜’ hope high,19:22:43,19.5593,-155.93
2018-05-02,8097332.0,sailingtwidget,lahaina hi h,19:10:57,20.87735815,-156.67701244
2018-05-02,23398215.0,oldfartjeff,tips give people â€™ talked help generate sales stay,18:31:18,20.8868816,-156.4774079
2018-05-02,18195374.0,pagejeter,waterfalls amp graffiti ğŸŒº maui twinfalls hawaii travel vacation explore,18:08:37,20.90656,-156.24313999999995
2018-05-02,8097332.0,sailingtwidget,love weather expeditions ferry lahaina lana city hi,17:48:37,20.74223975,-156.88814993
2018-05-02,18195374.0,pagejeter,exploring maui â›° maui hawaii explore travel vacation outdoors,17:38:34,20.9997,-156.554
2018-05-02,2379070652.0,tiedyehobo,free tiedye sockswith purchase uzygxssoffer good till,16:53:10,19.52575,-155.92358000000004
2018-05-02,2379070652.0,tiedyehobo,free tiedye socks purchase uzygxofroffer good till,16:48:40,19.52575,-155.92358000000004
2018-05-02,1215501686.0,ubchillin,first time â€™ seen signs run way easier entering leaving,16:39:13,19.5653,-155.965
2018-05-02,773602800.0,OptimisticVibe1,ijpmklwl,16:22:48,19.49332,-155.91775990000005
2018-05-02,14466397.0,MauiBenjamin,new zealand live weather forecast thursday may rd,10:32:31,20.9167,-156.283
2018-05-02,362523555.0,QuakesToday,magnitude earthquake km nanawale estates hi unitedstate,08:15:06,19.485,-154.874
2018-05-02,351258862.0,Cassymm,ohana ğŸŒº ğŸŒ´ ğŸ¦‹ ğŸ’• happymayday ğŸŒº maui hawaii napili hawai,07:51:57,20.98777778,-156.66777778
2018-05-02,14466397.0,MauiBenjamin,happy may day may st lei day hawaii,07:46:15,20.92862201,-156.26196259
2018-05-02,742726076.0,jasonizumiKona,gettingthehang making homemade stovetop roti flatbread wholewheat,07:25:36,19.5593,-155.93
2018-05-02,285555348.0,RobertJohnCook,â€˜ two years shut world could focus good,06:47:25,19.49332,-155.91775990000005
2018-05-02,465058182.0,allkinecrossfit,â€œ us live legacy left us leave,05:23:35,20.90556,-156.48851000000005
2018-05-02,238707383.0,chanelledeanna,put toes black sand waianapanapa beach ğŸŒŠ ğŸ•¶ maui hawaii,04:54:02,20.7858,-155.997
2018-05-02,18195374.0,pagejeter,hours road maui ğŸ maui travel hawaii outdoors roadtrip,04:08:01,20.68377868,-156.4417521
2018-05-02,362523555.0,QuakesToday,magnitude earthquake km honaunau napoopoo hi united state,04:05:06,19.311,-155.779
2018-05-02,593078442.0,ChefBellec,pizza ready fshualalai beachtreerestaurant italianrestaurant,03:13:13,19.82792,-155.99132
2018-05-02,14466397.0,MauiBenjamin,experience maui â€™ best horseback trail rides lahaina stables,02:56:57,20.9175,-156.32583333
2018-05-02,351258862.0,Cassymm,taking ohana watch sunset luau ğŸ˜‚ ğŸ’• ğŸŒ´ ğŸŒº maui hawaii lahaina hawai,02:33:47,20.8861,-156.675
2018-05-02,351258862.0,Cassymm,taking ohana watch sunset luau ğŸ˜‚ ğŸŒ´ ğŸŒº ğŸ’• maui hawaii lahaina hawai,02:32:42,20.8861,-156.675
2018-05-02,21800307.0,kyle_michael_b,getting high haleakalÄ â›° haleakalÄ national par,02:17:45,20.76951362,-156.24264947
2018-05-02,773602800.0,OptimisticVibe1,learn gt fkrdcmgco optimistic,01:51:45,19.49332,-155.91775990000005
2018-05-02,7.117604145733673e+17,missionmolokai,blessed able help others island one ladies church,01:41:04,21.09657047,-157.03540845
2018-05-02,1215501686.0,ubchillin,day checked big island digging view suite,00:57:03,19.558525,-155.96472680000005
2018-05-02,340583912.0,PineappleClan,wekfest pop upnagoya japan steady pressing land rising sun,00:56:38,20.08134271,-155.43760025
2018-05-02,362739542.0,Koondolphia,last brain cell trying survive finals,00:40:17,19.99806,-155.81602
2018-05-02,116923047.0,YNVUCLOTHING,check women section top still available,00:33:13,20.8907108,-156.4644165
2018-05-02,21823971.0,nellielaan,month long sale knitwear ends may th check etsy ğŸ˜,00:04:12,19.5071,-154.914
2018-05-01,36176997.0,FourSeasonsJobs,see latest wailea hi job click apply room service server xkztuslgd customerser,23:47:58,20.6802785,-156.4420269
2018-05-01,14466397.0,MauiBenjamin,lahaina harbor ft swest breeze mph knots otherwise pretty bloody,23:43:09,20.87258987,-156.67830398
2018-05-01,2379070652.0,tiedyehobo,check go follow beshroomed wearing tiedye,23:13:35,19.52575,-155.92358000000004
2018-05-01,36176997.0,FourSeasonsJobs,looking work lanaicity hi check job xcpzufmxd hospita,23:11:03,20.8693387,-156.9061034
2018-05-01,285555348.0,RobertJohnCook,please help find two names two puppies learn,22:59:58,19.49332,-155.91775990000005
2018-05-01,9670522.0,evee,ginger yum drinking lemongrass luau konabrewingco konabrewingco â€” dkajq,22:59:51,19.6429,-155.998
2018-05-01,593078442.0,ChefBellec,trading toque today awesome handcrafted ti leaf lei,22:42:04,19.82792,-155.99132
2018-05-01,14466397.0,MauiBenjamin,dive molokai â€™ east elephant rock years ago encountered,22:33:02,20.9348,-156.679
2018-05-01,9670522.0,evee,drinking pinky brewster konabrewingco konabrewingco,22:27:34,19.6429,-155.998
2018-05-01,9670522.0,evee,drinking kanaha blonde ale konabrewingco konabrewingco,22:23:45,19.6429,-155.998
2018-05-01,18195374.0,pagejeter,real life maui hawaii travel sunset dinner mill house mau,21:45:33,20.84899058,-156.50721138
2018-05-01,66811005.0,HiloPalace,happy may day ğŸŒº celebration may day showing variety,21:29:49,19.72453,-155.08649
2018-05-01,116923047.0,YNVUCLOTHING,new arrival shakawear tank tops ynvuclothing mauimall,21:06:49,20.8907108,-156.4644165
2018-05-01,28205138.0,ryan_a_jones,making friends locals launiupoko hawai,20:21:43,20.8556,-156.65
2018-05-01,26949222.0,ChanMacNCheez,sunrise crater atop mt haleakalÄ april hawaii,19:56:09,20.76951362,-156.24264947
2018-05-01,56950776.0,selphie6999,maui memorial medical center wailuku h,19:51:19,20.88453768,-156.48960023
2018-05-01,14466397.0,MauiBenjamin,rainbows ft northerly wind mph knots w afternoon tuesday gusts,19:48:21,20.9348,-156.679
2018-05-01,16463488.0,DrMickeyWit,haleakala sunset maui haleakal,19:12:57,20.71333333,-156.2575
2018-05-01,493461606.0,ashleyyyz3,host mom bought us insanely massive amounts,18:57:27,19.4269,-155.91299999999995
2018-05-01,37758023.0,FSLanai,happy lei day know circle lei universal symbol,18:55:51,20.74024162,-156.89549446
2018-05-01,18195374.0,pagejeter,decent day discovery ğŸ¹ ğŸ¹ maui hawaii foodie dinner volcano travel,18:51:01,20.84899058,-156.50721138
2018-05-01,2379070652.0,tiedyehobo,feee tiedye sockswith purchase uzygxssoffer good,18:40:52,19.52575,-155.92358000000004
2018-05-01,14466397.0,MauiBenjamin,lahaina town tuesday outlook lahaina hawai,18:36:47,20.8861,-156.675
2018-05-01,9.277316749216316e+17,katiesellsmaui,happy tuesday today â€™ open houses â € â € â € ğŸŒ´ palms wailea,18:32:51,20.69,-156.43889
2018-05-01,110893792.0,techarmor,broken iphone stressing remember livealoha â€™ stress,18:30:28,20.92141052,-156.69447448
2018-05-01,453303348.0,STthre3,breakfasttime sarahandjoeshawaiivacation kona,18:28:48,19.46013661,-155.89548255
2018-05-01,14466397.0,MauiBenjamin,ukumehame ft early tuesday calm glassy conditions surf maui hawaii,18:08:08,20.79690726,-156.58702019999996
2018-05-01,285555348.0,RobertJohnCook,carry david home made offer property yesterday new island,18:05:53,19.5268,-155.92338
2018-05-01,14466397.0,MauiBenjamin,haleakala crater outlook tuesday maalaea maalaea hawai,17:59:45,20.8093,-156.491
2018-05-01,14466397.0,MauiBenjamin,haleakala crater tuesday outlook haleakala haleakalasunrise,17:40:47,20.9107,-156.376
2018-05-01,14466397.0,MauiBenjamin,maui tuesday outlook ho â€˜ okip,17:39:14,20.9332,-156.358
2018-05-01,14466397.0,MauiBenjamin,ho â€™ okipa ft calm early tuesday surf standuppaddleboarding,17:36:11,20.9332,-156.358
2018-05-01,2910451639.0,twotonephoto,mission life merely survive thrive,17:23:53,20.7591,-156.457
2018-05-01,15246236.0,Randall_Shirley,ğŸŒ‹ volcanoes national park island lava like chance,17:17:34,19.39923,-155.287
2018-05-01,155348857.0,Joechris1988,used mountain â€™ slowly making way centre,17:14:27,19.56666667,-155.5
2018-05-01,268352653.0,MaliaInMotion,two mango kind morning ğŸ’› ğŸ™Œ â˜€ ï¸ start mango season trees,16:58:49,20.8818,-156.467
2018-05-01,18195374.0,pagejeter,dinner view volcano specific ğŸŒ‹ maui dinner sunset,16:05:16,20.84899058,-156.50721138
2018-05-01,285555348.0,RobertJohnCook,yellowsunlight bananatree hawaiifarm sunset robertjohncook optimistic,15:25:21,19.49332,-155.91775990000005
2018-05-01,39176798.0,cyulit,super heavy mommy ğŸ˜‹ ğŸŒŠ â›± kihei hawai,11:01:10,20.7591,-156.457
2018-05-01,39176798.0,cyulit,ang tunay na pogi kahit walang ngipin pogi pa rin ğŸ˜ kihei hawai,10:58:27,20.7591,-156.457
2018-05-01,39176798.0,cyulit,somewhere rainbow ğŸ˜Š ğŸŒˆ kihei hawai,10:57:02,20.7591,-156.457
2018-05-01,39176798.0,cyulit,byun enjoying photoshoot â˜º kihei hawai,10:54:20,20.7591,-156.457
2018-05-01,39176798.0,cyulit,daddy byun watching sunset kihei hawai,10:53:11,20.7591,-156.457
2018-05-01,39176798.0,cyulit,yes happy kihei hawai,10:52:38,20.7591,-156.457
2018-05-01,39176798.0,cyulit,golden kihei hawai,10:52:12,20.7591,-156.457
2018-05-01,285555348.0,RobertJohnCook,banana farm tonight â€™ sunset spiritual,08:11:03,19.49332,-155.91775990000005
2018-05-01,465058182.0,allkinecrossfit,thank love via crossfit ãƒ» ãƒ» ãƒ» kazumasa amby,07:33:12,20.90556,-156.48851000000005
2018-05-01,19182456.0,Kane007,first â€œ fire tree â€ year sunset sunset madness tree silouette,07:22:02,20.7407,-156.328
2018-05-01,19182456.0,Kane007,days like always looks best right sun goes behind,07:15:55,20.7407,-156.328
2018-05-01,19182456.0,Kane007,flying drone deep forest cover like easy drone,07:10:20,21.013221,-156.637802
2018-05-01,19182456.0,Kane007,ahhhhh another beautiful day wai â€™ anapanapa park rainydays rainyday,06:59:55,20.7858,-155.997
2018-05-01,19182456.0,Kane007,second consecutive day working steady,06:38:27,20.77,-155.994
2018-05-01,19182456.0,Kane007,nothing better seeing home fires burning travaasa austin,06:30:14,20.75420981,-155.98707119999997
2018-05-01,19182456.0,Kane007,dp st ad talk one mile hike across beach,06:18:31,20.77,-155.994
2018-05-01,474594772.0,fahmi_izuddin,lost island still smile cause,06:14:55,19.64188,-155.99315
2018-05-01,14466397.0,MauiBenjamin,maui kombucha night mix watermelon mog mango orange,05:51:47,20.9167,-156.283
2018-05-01,39176798.0,cyulit,grandma lolo makena landing beach par,05:41:19,20.6540706,-156.44116353
2018-05-01,4780138093.0,MauiMediaMaven,mondaymotivation â€œ change direction wind,05:30:33,20.93192952,-156.69246608
2018-05-01,19182456.0,Kane007,today â€™ office kind looks like middle earth productionlife,05:26:50,21.013221,-156.637802
2018-05-01,8097332.0,sailingtwidget,phone away home pele garden lanai city hi,05:10:17,20.82457163,-156.92007012
2018-05-01,16463488.0,DrMickeyWit,haleakalasunset ğŸŒ… april haleakalÄ national par,04:50:04,20.76951362,-156.24264947
2018-05-01,2872557573.0,graywhalegin,black sand beach maui road hana sun flares salty dogs ocean,04:48:40,20.86865406,-156.46881417
2018-05-01,8097332.0,sailingtwidget,manele harbor lana city h,04:34:51,20.7423648,-156.88818821
2018-05-01,14466397.0,MauiBenjamin,peahi jaws sunset waves rolling crashing birds chirping tranquil,04:32:24,20.9167,-156.283
2018-05-01,14466397.0,MauiBenjamin,peahi jaws ft sets rolling nwest breeze mph knots maui,04:29:36,20.9167,-156.283
2018-05-01,16463488.0,DrMickeyWit,ğŸŒ‹ haleakala maui haleakala crater maui h,04:14:34,20.7148496,-156.250292
2018-05-01,453303348.0,STthre3,coconut chai kombucha tap kombucha,04:01:56,19.53233868,-155.92642466
2018-05-01,21800307.0,kyle_michael_b,holy blowy maui nakalele poin,03:35:06,21.02888889,-156.58888889
2018-05-01,8097332.0,sailingtwidget,yup expeditions ferry lana lahaina hi,03:32:22,20.87193297,-156.67862031
2018-05-01,98828325.0,JchanKchan,hilo international airport ito hilo h,02:45:57,19.71887858,-155.04764557
2018-05-01,21823971.0,nellielaan,finished poncho doggy cocker spaniel knit scheepjeswol,02:45:05,19.5071,-154.914
2018-05-01,238707383.0,chanelledeanna,drove hours get summit haleakalanps amp â€™ realize,02:43:50,20.7148496,-156.250292
2018-05-01,18195374.0,pagejeter,times plan times touch new island,02:32:06,20.9348,-156.679
2018-05-01,8097332.0,sailingtwidget,mai tai â€™ pioneer grill amp bar lahaina hi tglwrfxby,02:24:39,20.87205828,-156.67830409
2018-05-01,98828325.0,JchanKchan,big island candies hilo h,01:45:42,19.71244375,-155.06817179
2018-05-01,374953981.0,SKIMHAWAII,flew honolua bay big beach time couple wraps,01:27:41,20.6575,-156.445
2018-05-01,16463488.0,DrMickeyWit,ğŸ¤¸ ğŸ½ â€ â™€ ï¸ maui handstand fun ğŸŒŠ today ğŸ˜ ğŸŒ´ ğŸ– mau,01:15:52,20.68377868,-156.4417521
2018-05-01,98828325.0,JchanKchan,thomas jaggar museum volcano h,00:34:43,19.41980187,-155.28821406
2018-05-01,362523555.0,QuakesToday,magnitude earthquake km hawaiianoceanview hi unitedstate,00:00:09,19.17,-155.641
2018-04-30,374953981.0,SKIMHAWAII,keep country country scored three hours hardly soul gotta,23:59:20,20.8861,-156.675
2018-04-30,155348857.0,Joechris1988,followed mermaid said could stay long wanted,23:56:26,19.56666667,-155.5
2018-04-30,98828325.0,JchanKchan,kilauea volcano pahoa h,23:47:37,19.41983309,-155.28822340000005
2018-04-30,116923047.0,YNVUCLOTHING,still cute camo tank top still available come check,23:21:17,20.8907108,-156.4644165
2018-04-30,36176997.0,FourSeasonsJobs,hiring read latest job opening guest activities attendant bwontlhlh custserv l,23:11:53,20.8693387,-156.9061034
2018-04-30,28205138.0,ryan_a_jones,every meal include lobster crab stuffed grilled cheese,21:49:14,20.8724,-156.67726000000005
2018-04-30,66811005.0,HiloPalace,tonight tomorrow pm days entebbe july four,21:23:58,19.72453,-155.08649
2018-04-30,2379070652.0,tiedyehobo,welcome wonderful world tiedyehobo tqlarye,21:13:08,19.52575,-155.92358000000004
2018-04-30,116923047.0,YNVUCLOTHING,cute tops available lots new shipment womens come check,20:59:49,20.8907108,-156.4644165
2018-04-30,98828325.0,JchanKchan,rainbow falls park hilo h,20:57:50,19.71888399,-155.10860582
2018-04-30,56950776.0,selphie6999,sheik restaurant kahului h,20:05:15,20.8861548,-156.47797202
2018-04-30,56950776.0,selphie6999,central maui self storage wailuku h,19:44:50,20.88928314,-156.49387206
2018-04-30,63339798.0,campelloricardo,driving clouds view pretty amanzing southdadetoyota,19:29:02,20.76951362,-156.24264947
2018-04-30,29159428.0,adagraha,monday mood moving newbeginnings gloomy foggy takemebacktomaui haleakala crater national,19:21:12,20.759085100000004,-156.28255149999995
2018-04-30,98828325.0,JchanKchan,queens marketplace waikoloa h,19:16:57,19.91409904,-155.88011061
2018-04-30,98828325.0,JchanKchan,ã‚³ãƒŠå›½éš›ç©ºæ¸¯ kailua kona h,18:01:25,19.73549893,-156.04078617
2018-04-30,28669569.0,JanaMcMahon,breakfast madge amp g ğŸŒŸ home maui janaland maui chickenlove kihei hawai,17:12:53,20.7591,-156.457
2018-04-30,773602800.0,OptimisticVibe1,learn gt vvwcgoybt optimistic vibe hawai,16:42:00,19.49332,-155.91775990000005
2018-04-30,205492157.0,chowbabylovin,country samurai coffee â˜• ï¸ guy serves soursop chocolate coffee beans grows country,12:34:14,19.6404,-155.99643
2018-04-30,205492157.0,chowbabylovin,last meal kona food seafood kona kailua yum quinn almost se,12:30:44,19.640970000000006,-155.99673
2018-04-30,39176798.0,cyulit,squad maui beach hote,10:10:41,20.89045,-156.47259
2018-04-30,39176798.0,cyulit,look mama wis thank shirt ğŸ˜š ğŸ˜˜ maui beach hote,10:09:23,20.89045,-156.47259
2018-04-30,39176798.0,cyulit,sweetest siblinglove maui beach hote,10:07:08,20.89045,-156.47259
2018-04-30,39176798.0,cyulit,oh byun chubbycheeks kihei hawai,10:05:07,20.7591,-156.457
2018-04-30,39176798.0,cyulit,perks older brother maui beach hote,10:04:28,20.89045,-156.47259
2018-04-30,39176798.0,cyulit,fierce modeling kidsmodel maui beach hote,10:03:27,20.89045,-156.47259
2018-04-30,374953981.0,SKIMHAWAII,plenty fun wraps goofy footers today asher iris taking notes shoreline,09:46:20,20.632483,-156.447802
2018-04-30,465058182.0,allkinecrossfit,highlight week power community year old kanoe first ring muscle,08:28:25,20.90556,-156.48851000000005
2018-04-30,411726143.0,ZeeWil,fins âœ… mask snorkel âœ… pink towel âœ… camera gear âœ… hr hike lava fields âœ… getting,08:27:54,20.5983,-156.42
2018-04-30,773602800.0,OptimisticVibe1,beautiful mother told weekly sunday morning chat morning,07:12:29,19.49332,-155.91775990000005
2018-04-30,219501735.0,millermarinellc,road hana beyond belief maui siriussummit siriussummit thankslarrythetourguide,07:10:25,20.6863889,-156.0305556
2018-04-30,268352653.0,MaliaInMotion,surround people going lift higher oprahwhether st,06:29:46,20.71280366,-156.44626709
2018-04-30,14466397.0,MauiBenjamin,paddle imua stand paddleboard hydrofoil sup prone race starts pm saturday may th,05:54:48,20.92862201,-156.26196259
2018-04-30,37758023.0,FSLanai,finding secluded hawaiian beach never easy take path past hulopoe,03:42:06,20.74120605,-156.89631659
2018-04-30,155348857.0,Joechris1988,one time volcano set sky fire cooled sky left black,03:00:23,19.56666667,-155.5
2018-04-30,205492157.0,chowbabylovin,picking kona coffee â˜• ï¸ emory captain cooks trading co right beside granite,02:02:09,19.51866,-155.92327
2018-04-30,205492157.0,chowbabylovin,half half aÃ§ai ğŸ‡ dragonfruit ğŸ‰ super bowl avocados ğŸ¥‘ bananas ğŸŒ strawberry ğŸ“,01:57:57,19.63844,-155.99327
2018-04-30,21823971.0,nellielaan,oldie put etsy jewelry shop link bio beaded necklace bag big enough,01:23:16,19.5071,-154.914
2018-04-30,205492157.0,chowbabylovin,coffee â˜• ï¸ tour â€™ end going â€™ wanna walk,01:13:43,19.51094635,-155.92149962
2018-04-29,238707383.0,chanelledeanna,need hammock ğŸ’ ğŸ½ â€ â™€ ï¸ ğŸŒ´ maui hawaii makena hawai,23:57:10,20.6575,-156.445
2018-04-29,36176997.0,FourSeasonsJobs,looking work lanaicity hi check job yjcbgr culinary hospita,23:11:51,20.8693387,-156.9061034
2018-04-29,374953981.0,SKIMHAWAII,fun waves today skimboarding big beach makena victoriaskimboards sick session,23:07:15,20.6298218,-156.44382280000005
2018-04-29,116923047.0,YNVUCLOTHING,new shakawear pac eye tank available ynvuclothing mauimall ynvu,22:52:50,20.8907108,-156.4644165
2018-04-29,340583912.0,PineappleClan,baecation quick kona mish fam pbear howtoraiseamermaid farmersmarkethawaii,22:12:29,19.9240327,-155.88749886
2018-04-29,9.277316749216316e+17,katiesellsmaui,two open house today â € â € â € ğŸ“ polo beach club beautiful direct beachfront,21:52:29,20.69,-156.43889
2018-04-29,14466397.0,MauiBenjamin,posted photo launiupoko hawai,21:46:50,20.8556,-156.65
2018-04-29,14466397.0,MauiBenjamin,lahaina sunday lahaina hawai,21:43:25,20.8861,-156.675
